{"cameraMode":{"drawMode":0,"name":"Shaded","section":"Shading Mode"},"sceneLighting":true,"audioPlay":false,"sceneViewState":{"showFog":false,"showMaterialUpdate":true,"showSkybox":true,"showFlares":true,"showImageEffects":true,"showParticleSystems":true},"in2DMode":false,"pivot":{"x":-1.5039339065551758,"y":0.4901905059814453,"z":1.5470385551452637},"rotation":{"x":-0.09854047000408173,"y":0.8542832732200623,"z":-0.17567206919193269,"w":-0.4791965186595917},"size":10.0,"orthographic":false}