{"cameraMode":{"drawMode":0,"name":"Shaded","section":"Shading Mode"},"sceneLighting":true,"audioPlay":false,"sceneViewState":{"showFog":false,"showMaterialUpdate":true,"showSkybox":true,"showFlares":true,"showImageEffects":true,"showParticleSystems":true},"in2DMode":false,"pivot":{"x":-1.3861689567565919,"y":0.4076519012451172,"z":1.4259305000305176},"rotation":{"x":-0.09907616674900055,"y":0.857758104801178,"z":-0.18041357398033143,"w":-0.47104769945144656},"size":10.0,"orthographic":false}