{"cameraMode":{"drawMode":0,"name":"Shaded","section":"Shading Mode"},"sceneLighting":true,"audioPlay":false,"sceneViewState":{"showFog":false,"showMaterialUpdate":true,"showSkybox":true,"showFlares":true,"showImageEffects":true,"showParticleSystems":true},"in2DMode":false,"pivot":{"x":640.4732055664063,"y":397.49627685546877,"z":-18.6500244140625},"rotation":{"x":0.11106690019369126,"y":-0.016403624787926675,"z":0.0018334576161578298,"w":0.9936758875846863},"size":815.4247436523438,"orthographic":false}