{"cameraMode":{"drawMode":0,"name":"Shaded","section":"Shading Mode"},"sceneLighting":true,"audioPlay":false,"sceneViewState":{"showFog":false,"showMaterialUpdate":true,"showSkybox":true,"showFlares":true,"showImageEffects":true,"showParticleSystems":true},"in2DMode":false,"pivot":{"x":491.9881591796875,"y":415.80010986328127,"z":3.8797607421875},"rotation":{"x":0.04971059039235115,"y":0.056892070919275287,"z":-0.0028363012243062259,"w":0.9971380233764648},"size":788.5082397460938,"orthographic":false}