{"cameraMode":{"drawMode":0,"name":"Shaded","section":"Shading Mode"},"sceneLighting":true,"audioPlay":false,"sceneViewState":{"showFog":false,"showMaterialUpdate":true,"showSkybox":true,"showFlares":true,"showImageEffects":true,"showParticleSystems":true},"in2DMode":false,"pivot":{"x":664.3291015625,"y":395.1112060546875,"z":-18.7640380859375},"rotation":{"x":0.11257249861955643,"y":-0.0014969442272558809,"z":0.00016955542378127575,"w":0.9936423897743225},"size":815.4247436523438,"orthographic":false}