{"cameraMode":{"drawMode":0,"name":"Shaded","section":"Shading Mode"},"sceneLighting":true,"audioPlay":false,"sceneViewState":{"showFog":false,"showMaterialUpdate":true,"showSkybox":true,"showFlares":true,"showImageEffects":true,"showParticleSystems":true},"in2DMode":false,"pivot":{"x":494.5721130371094,"y":34.923065185546878,"z":499.655029296875},"rotation":{"x":0.1244308352470398,"y":0.029756737872958185,"z":-0.0037334228400141,"w":0.9917749762535095},"size":1102.5218505859375,"orthographic":false}