{"cameraMode":{"drawMode":0,"name":"Shaded","section":"Shading Mode"},"sceneLighting":true,"audioPlay":false,"sceneViewState":{"showFog":false,"showMaterialUpdate":true,"showSkybox":true,"showFlares":true,"showImageEffects":true,"showParticleSystems":true},"in2DMode":false,"pivot":{"x":833.781982421875,"y":-776.2545166015625,"z":2716.744140625},"rotation":{"x":0.19685378670692445,"y":0.03968966007232666,"z":-0.007975893095135689,"w":0.9795967936515808},"size":4029.97119140625,"orthographic":false}