{"cameraMode":{"drawMode":0,"name":"Shaded","section":"Shading Mode"},"sceneLighting":true,"audioPlay":false,"sceneViewState":{"showFog":false,"showMaterialUpdate":true,"showSkybox":true,"showFlares":true,"showImageEffects":true,"showParticleSystems":true},"in2DMode":false,"pivot":{"x":600.4973754882813,"y":381.64306640625,"z":0.70526123046875},"rotation":{"x":0.07663092762231827,"y":0.052314791828393939,"z":-0.004026374779641628,"w":0.9956780672073364},"size":852.3876342773438,"orthographic":false}