{"cameraMode":{"drawMode":0,"name":"Shaded","section":"Shading Mode"},"sceneLighting":true,"audioPlay":false,"sceneViewState":{"showFog":false,"showMaterialUpdate":true,"showSkybox":true,"showFlares":true,"showImageEffects":true,"showParticleSystems":true},"in2DMode":false,"pivot":{"x":686.3311157226563,"y":322.05194091796877,"z":2442.26318359375},"rotation":{"x":0.007813339121639729,"y":0.004494075663387775,"z":-0.00003528240995365195,"w":0.999959409236908},"size":3360.840087890625,"orthographic":false}