{"cameraMode":{"drawMode":0,"name":"Shaded","section":"Shading Mode"},"sceneLighting":true,"audioPlay":false,"sceneViewState":{"showFog":false,"showMaterialUpdate":true,"showSkybox":true,"showFlares":true,"showImageEffects":true,"showParticleSystems":true},"in2DMode":false,"pivot":{"x":532.4459228515625,"y":386.69964599609377,"z":5.8682861328125},"rotation":{"x":0.07373981177806854,"y":0.011960652656853199,"z":-0.0008844917174428701,"w":0.9972054362297058},"size":852.3876342773438,"orthographic":false}