{"cameraMode":{"drawMode":0,"name":"Shaded","section":"Shading Mode"},"sceneLighting":true,"audioPlay":false,"sceneViewState":{"showFog":false,"showMaterialUpdate":true,"showSkybox":true,"showFlares":true,"showImageEffects":true,"showParticleSystems":true},"in2DMode":false,"pivot":{"x":1250.45654296875,"y":732.8892211914063,"z":67.056396484375},"rotation":{"x":0.025737913325428964,"y":0.07340450584888458,"z":-0.0018950446974486113,"w":0.9969682693481445},"size":50.490989685058597,"orthographic":false}