{"cameraMode":{"drawMode":0,"name":"Shaded","section":"Shading Mode"},"sceneLighting":true,"audioPlay":false,"sceneViewState":{"showFog":false,"showMaterialUpdate":true,"showSkybox":true,"showFlares":true,"showImageEffects":true,"showParticleSystems":true},"in2DMode":false,"pivot":{"x":263.72491455078127,"y":-654.456298828125,"z":7144.23193359375},"rotation":{"x":0.07220473885536194,"y":-0.03440944477915764,"z":0.002492565428838134,"w":0.9967930316925049},"size":8373.607421875,"orthographic":false}