{"cameraMode":{"drawMode":0,"name":"Shaded","section":"Shading Mode"},"sceneLighting":true,"audioPlay":false,"sceneViewState":{"showFog":false,"showMaterialUpdate":true,"showSkybox":true,"showFlares":true,"showImageEffects":true,"showParticleSystems":true},"in2DMode":false,"pivot":{"x":-135.8909912109375,"y":-356.04205322265627,"z":7145.09716796875},"rotation":{"x":0.05419117584824562,"y":-0.058386847376823428,"z":0.003174196695908904,"w":0.9968170523643494},"size":8356.650390625,"orthographic":false}