{"cameraMode":{"drawMode":0,"name":"Shaded","section":"Shading Mode"},"sceneLighting":true,"audioPlay":false,"sceneViewState":{"showFog":false,"showMaterialUpdate":true,"showSkybox":true,"showFlares":true,"showImageEffects":true,"showParticleSystems":true},"in2DMode":false,"pivot":{"x":702.03564453125,"y":468.7811279296875,"z":220.82470703125},"rotation":{"x":-0.008684676140546799,"y":0.025490084663033487,"z":0.00022139184875413775,"w":0.9996373653411865},"size":1747.385498046875,"orthographic":false}