{"cameraMode":{"drawMode":0,"name":"Shaded","section":"Shading Mode"},"sceneLighting":true,"audioPlay":false,"sceneViewState":{"showFog":false,"showMaterialUpdate":true,"showSkybox":true,"showFlares":true,"showImageEffects":true,"showParticleSystems":true},"in2DMode":false,"pivot":{"x":693.7001953125,"y":326.79852294921877,"z":175.9613037109375},"rotation":{"x":0.040797729045152667,"y":-0.010497570969164372,"z":0.00042862180271185935,"w":0.9991122484207153},"size":1151.9962158203125,"orthographic":false}