{"cameraMode":{"drawMode":0,"name":"Shaded","section":"Shading Mode"},"sceneLighting":true,"audioPlay":false,"sceneViewState":{"showFog":false,"showMaterialUpdate":true,"showSkybox":true,"showFlares":true,"showImageEffects":true,"showParticleSystems":true},"in2DMode":false,"pivot":{"x":1018.5411376953125,"y":357.6682434082031,"z":-33.19281005859375},"rotation":{"x":0.05427076295018196,"y":0.02245834656059742,"z":-0.0012209565611556173,"w":0.9982729554176331},"size":624.4090576171875,"orthographic":false}