{"cameraMode":{"drawMode":0,"name":"Shaded","section":"Shading Mode"},"sceneLighting":true,"audioPlay":false,"sceneViewState":{"showFog":false,"showMaterialUpdate":true,"showSkybox":true,"showFlares":true,"showImageEffects":true,"showParticleSystems":true},"in2DMode":false,"pivot":{"x":1522.93896484375,"y":651.9608764648438,"z":895.2110595703125},"rotation":{"x":0.08270639181137085,"y":0.01494279783219099,"z":-0.0012402362190186978,"w":0.9964611530303955},"size":2720.495361328125,"orthographic":false}