{"cameraMode":{"drawMode":0,"name":"Shaded","section":"Shading Mode"},"sceneLighting":true,"audioPlay":false,"sceneViewState":{"showFog":false,"showMaterialUpdate":true,"showSkybox":true,"showFlares":true,"showImageEffects":true,"showParticleSystems":true},"in2DMode":false,"pivot":{"x":1126.453369140625,"y":57.08195495605469,"z":1626.34912109375},"rotation":{"x":0.034600891172885898,"y":0.10771943628787995,"z":-0.0037513133138418199,"w":0.9935719966888428},"size":2714.40625,"orthographic":false}