{"cameraMode":{"drawMode":0,"name":"Shaded","section":"Shading Mode"},"sceneLighting":true,"audioPlay":false,"sceneViewState":{"showFog":false,"showMaterialUpdate":true,"showSkybox":true,"showFlares":true,"showImageEffects":true,"showParticleSystems":true},"in2DMode":false,"pivot":{"x":1037.039306640625,"y":-135.41583251953126,"z":3036.82763671875},"rotation":{"x":0.07190699130296707,"y":0.0970851257443428,"z":-0.0070329951122403149,"w":0.9926502704620361},"size":4221.8212890625,"orthographic":false}