{"cameraMode":{"drawMode":0,"name":"Shaded","section":"Shading Mode"},"sceneLighting":true,"audioPlay":false,"sceneViewState":{"showFog":false,"showMaterialUpdate":true,"showSkybox":true,"showFlares":true,"showImageEffects":true,"showParticleSystems":true},"in2DMode":false,"pivot":{"x":652.2041015625,"y":305.94384765625,"z":2423.3896484375},"rotation":{"x":0.0108132129535079,"y":0.002994009992107749,"z":-0.00003260212542954832,"w":0.9999370574951172},"size":3141.258544921875,"orthographic":false}