{"cameraMode":{"drawMode":0,"name":"Shaded","section":"Shading Mode"},"sceneLighting":true,"audioPlay":false,"sceneViewState":{"showFog":false,"showMaterialUpdate":true,"showSkybox":true,"showFlares":true,"showImageEffects":true,"showParticleSystems":true},"in2DMode":false,"pivot":{"x":658.9493408203125,"y":352.19696044921877,"z":174.81591796875},"rotation":{"x":0.01980431377887726,"y":-0.023999489843845369,"z":0.00047548895236104727,"w":0.9995157122612},"size":1009.4902954101563,"orthographic":false}