{"cameraMode":{"drawMode":0,"name":"Shaded","section":"Shading Mode"},"sceneLighting":true,"audioPlay":false,"sceneViewState":{"showFog":false,"showMaterialUpdate":true,"showSkybox":true,"showFlares":true,"showImageEffects":true,"showParticleSystems":true},"in2DMode":false,"pivot":{"x":672.9109497070313,"y":357.5177307128906,"z":308.87890625},"rotation":{"x":0.09609048813581467,"y":-0.03881550580263138,"z":0.0037499573081731798,"w":0.994608461856842},"size":1008.3402099609375,"orthographic":false}