{"cameraMode":{"drawMode":0,"name":"Shaded","section":"Shading Mode"},"sceneLighting":false,"audioPlay":false,"sceneViewState":{"showFog":true,"showMaterialUpdate":false,"showSkybox":true,"showFlares":true,"showImageEffects":true,"showParticleSystems":true},"in2DMode":false,"pivot":{"x":644.0050048828125,"y":381.0999755859375,"z":0.0},"rotation":{"x":-0.06595213711261749,"y":-0.0032889889553189279,"z":0.0002175135596189648,"w":-0.99781733751297},"size":2624.756591796875,"orthographic":false}